"id","username","name","surname","email","phone"
"1","test1","Nessa","Bratchell","nbratchell0@51.la","55-(100)371-6108"
"2",NULL,"Tara","Cuddy","tcuddy1@yolasite.com","62-(786)576-4697"
"3",NULL,"Rudolph","Forrester","rforrester2@artisteer.com","351-(285)693-7096"
"4",NULL,"Magdalen","Mountain","mmountain3@boston.com","86-(998)738-7557"
"5",NULL,"Richie","Karpushkin","rkarpushkin4@ca.gov","86-(395)662-7064"
"6",NULL,"Izabel","Tucknutt","itucknutt5@pcworld.com","55-(598)903-4298"
"7",NULL,"Florence","Reily","freily6@tamu.edu","86-(275)681-6208"
"8",NULL,"Ardelis","Cashin","acashin7@booking.com","66-(724)985-4624"
"9",NULL,"Chance","Inskipp","cinskipp8@amazon.com","7-(771)291-7055"
"10",NULL,"Ian","Stotherfield","istotherfield9@economist.com","380-(790)727-5302"
"11",NULL,"Mallory","Woodrup","mwoodrupa@who.int","63-(530)870-6976"
"12",NULL,"Charlene","Harrowing","charrowingb@businessinsider.com","49-(820)895-6693"
"13",NULL,"Angelina","McMichan","amcmichanc@jiathis.com","386-(729)163-3927"
"14",NULL,"Jone","MacDwyer","jmacdwyerd@fc2.com","1-(113)422-5956"
"15",NULL,"Mar","Larmuth","mlarmuthe@posterous.com","33-(863)582-8482"
"16",NULL,"Tris","Charker","tcharkerf@apple.com","27-(237)112-6297"
"17",NULL,"Vannie","Espasa","vespasag@shareasale.com","51-(751)133-2500"
"18",NULL,"Anthea","Villalta","avillaltah@ovh.net","7-(187)570-8855"
"19",NULL,"Sharon","Tunkin","stunkini@google.co.uk","850-(923)110-2071"
"20",NULL,"Jerrie","Antrag","jantragj@va.gov","62-(437)743-0006"
"21",NULL,"Pascale","McParlin","pmcparlink@smugmug.com","1-(866)232-9417"
"22",NULL,"Clea","Busby","cbusbyl@mapy.cz","48-(447)281-4393"
"23",NULL,"Saba","Merrick","smerrickm@narod.ru","86-(675)854-7908"
"24",NULL,"Wilhelmine","Guterson","wgutersonn@phpbb.com","33-(864)172-8602"
"25",NULL,"Ursulina","Caddens","ucaddenso@hp.com","33-(220)456-3453"
"26",NULL,"Kellsie","Hemstead","khemsteadp@earthlink.net","62-(519)677-4369"
"27",NULL,"Joete","Loyd","jloydq@rediff.com","351-(454)859-8130"
"28",NULL,"Benedict","Clare","bclarer@homestead.com","62-(934)252-9035"
"29",NULL,"Chas","Seagar","cseagars@examiner.com","81-(547)922-3283"
"30",NULL,"Jody","Cobain","jcobaint@admin.ch","46-(466)605-2971"
"31",NULL,"Korie","Traite","ktraiteu@youku.com","86-(861)738-2904"
"32",NULL,"Korney","Lovie","kloviev@surveymonkey.com","62-(269)999-7426"
"33",NULL,"Guillermo","Withringten","gwithringtenw@adobe.com","86-(365)343-3229"
"34",NULL,"Sherline","Enbury","senburyx@freewebs.com","7-(289)766-0942"
"35",NULL,"Lisabeth","Galey","lgaleyy@narod.ru","380-(774)548-7943"
"36",NULL,"Daffy","Goldwater","dgoldwaterz@t.co","7-(113)548-0931"
"37",NULL,"Barnabe","Rider","brider10@lycos.com","86-(632)508-0577"
"38",NULL,"Clovis","Seymark","cseymark11@imgur.com","55-(118)155-2374"
"39",NULL,"Langsdon","Kilbourn","lkilbourn12@admin.ch","7-(716)959-7759"
"40",NULL,"Wyn","Milmore","wmilmore13@home.pl","62-(452)773-9182"
"41",NULL,"Abbott","Baldacco","abaldacco14@microsoft.com","53-(965)608-7133"
"42",NULL,"Thorvald","Simonel","tsimonel15@blogger.com","46-(249)879-9520"
"43",NULL,"Weber","Alpine","walpine16@a8.net","62-(981)666-9859"
"44",NULL,"Ysabel","Alderson","yalderson17@twitpic.com","1-(714)158-3651"
"45",NULL,"Goldina","Ernshaw","gernshaw18@nytimes.com","48-(228)590-9316"
"46",NULL,"Sanders","Tidbold","stidbold19@businesswire.com","63-(365)776-9484"
"47",NULL,"Billie","Allonby","ballonby1a@unicef.org","63-(970)426-9551"
"48",NULL,"Wynne","Cherrison","wcherrison1b@house.gov","505-(414)696-7059"
"49",NULL,"Gizela","Klesel","gklesel1c@globo.com","57-(556)469-5503"
"50",NULL,"Towny","Utridge","tutridge1d@upenn.edu","237-(382)582-8012"
"51",NULL,"Edna","Mattusevich","emattusevich1e@businesswire.com","52-(492)835-5446"
"52",NULL,"Leonerd","McKeaney","lmckeaney1f@latimes.com","52-(703)995-6361"
"53",NULL,"Dionne","Trusler","dtrusler1g@amazon.com","420-(367)764-2263"
"54",NULL,"Siobhan","Swales","sswales1h@mysql.com","86-(606)539-6499"
"55",NULL,"Aryn","Youhill","ayouhill1i@gmpg.org","62-(127)416-8461"
"56",NULL,"Obie","Sutherby","osutherby1j@mashable.com","86-(315)261-3992"
"57",NULL,"Launce","Lumby","llumby1k@bbb.org","63-(980)592-4136"
"58",NULL,"Brittaney","Viles","bviles1l@spotify.com","55-(369)235-4365"
"59",NULL,"Charles","Goodliff","cgoodliff1m@vkontakte.ru","62-(442)658-4410"
"60",NULL,"Giff","Zollner","gzollner1n@360.cn","374-(102)423-4552"
"61",NULL,"Lamar","Hubbert","lhubbert1o@1und1.de","352-(496)351-8434"
"62",NULL,"Danya","Goss","dgoss1p@comcast.net","39-(942)178-4182"
"63",NULL,"Rodge","Emeny","remeny1q@simplemachines.org","63-(167)687-9476"
"64",NULL,"Scarlett","Bleackly","sbleackly1r@accuweather.com","351-(709)549-9773"
"65",NULL,"Kean","Heater","kheater1s@bluehost.com","420-(794)293-5466"
"66",NULL,"Karin","Wyer","kwyer1t@senate.gov","86-(682)817-3098"
"67",NULL,"Reinhard","Swigger","rswigger1u@nyu.edu","86-(357)165-3017"
"68",NULL,"Amity","Billett","abillett1v@china.com.cn","86-(287)335-7140"
"69",NULL,"Aprilette","Carneck","acarneck1w@fda.gov","970-(137)728-0463"
"70",NULL,"Tommy","Dodd","tdodd1x@naver.com","51-(978)921-7299"
"71",NULL,"Udall","Tysall","utysall1y@qq.com","62-(734)318-4552"
"72",NULL,"Grover","Von Helmholtz","gvonhelmholtz1z@mashable.com","385-(905)963-4173"
"73",NULL,"Arabel","McOwan","amcowan20@archive.org","62-(678)386-4354"
"74",NULL,"Fionna","Cockran","fcockran21@booking.com","81-(528)864-0732"
"75",NULL,"Benyamin","Nesey","bnesey22@indiegogo.com","86-(743)623-1357"
"76",NULL,"Hunfredo","Servante","hservante23@bing.com","86-(221)543-4635"
"77",NULL,"Ivar","Dowd","idowd24@utexas.edu","63-(596)326-1866"
"78",NULL,"Ricky","Adolphine","radolphine25@multiply.com","251-(275)824-6057"
"79",NULL,"Jameson","Ollivierre","jollivierre26@t.co","507-(805)876-6297"
"80",NULL,"Helen-elizabeth","Sebley","hsebley27@tinypic.com","1-(502)362-4819"
"81",NULL,"Evangelia","Linneman","elinneman28@ibm.com","55-(639)108-3257"
"82",NULL,"Geneva","Burbidge","gburbidge29@newyorker.com","263-(710)296-0697"
"83",NULL,"Ninon","Ahearne","nahearne2a@comsenz.com","227-(558)194-4236"
"84",NULL,"Leela","Clayill","lclayill2b@accuweather.com","27-(240)121-2991"
"85",NULL,"Shaine","d' Eye","sdeye2c@surveymonkey.com","7-(655)634-3938"
"86",NULL,"Hersch","Mitchenson","hmitchenson2d@nydailynews.com","60-(372)128-8219"
"87",NULL,"Pedro","Doxey","pdoxey2e@alexa.com","380-(153)170-9349"
"88",NULL,"Moore","Solleme","msolleme2f@printfriendly.com","972-(543)784-1625"
"89",NULL,"Esmaria","Bossons","ebossons2g@soundcloud.com","62-(965)180-2596"
"90",NULL,"Hakeem","Stawell","hstawell2h@economist.com","62-(528)872-6186"
"91",NULL,"Cordy","Caser","ccaser2i@yolasite.com","86-(216)332-6087"
"92",NULL,"Willie","Aberhart","waberhart2j@plala.or.jp","55-(645)233-1120"
"93",NULL,"Happy","Kernan","hkernan2k@is.gd","960-(642)828-7781"
"94",NULL,"Phyllys","Tatchell","ptatchell2l@senate.gov","86-(565)264-4268"
"95",NULL,"Frasquito","Greswell","fgreswell2m@t.co","62-(284)771-7352"
"96",NULL,"Jodi","Pawfoot","jpawfoot2n@google.ru","504-(611)510-3250"
"97",NULL,"Nancey","Stute","nstute2o@google.it","970-(159)588-0311"
"98",NULL,"Abey","Clint","aclint2p@linkedin.com","86-(869)895-4307"
"99",NULL,"Clare","Kenrat","ckenrat2q@quantcast.com","86-(814)176-5263"
"100",NULL,"Carmel","Edowes","cedowes2r@netscape.com","93-(992)236-4386"
